<?xml version="1.0" encoding="UTF-8"?><datastreamProfile  xmlns="http://www.fedora.info/definitions/1/0/management/"  xmlns:xsd="http://www.w3.org/2001/XMLSchema" xmlns:xsi="http://www.w3.org/2001/XMLSchema-instance" xsi:schemaLocation="http://www.fedora.info/definitions/1/0/management/ http://www.fedora.info/definitions/1/0/datastreamProfile.xsd" pid="york:855995" dsID="JP2" ><dsLabel>JP2</dsLabel><dsVersionID>JP2.0</dsVersionID><dsCreateDate>2015-11-10T20:55:18.450Z</dsCreateDate><dsState>A</dsState><dsMIME>image/jp2</dsMIME><dsFormatURI></dsFormatURI><dsControlGroup>E</dsControlGroup><dsSize>0</dsSize><dsVersionable>false</dsVersionable><dsInfoType></dsInfoType><dsLocation>http://dlib.york.ac.uk/digilibImages/HOA/current/A/20151110/Abp_Reg_31_0479.jp2</dsLocation><dsLocationType>URL</dsLocationType><dsChecksumType>DISABLED</dsChecksumType><dsChecksum>none</dsChecksum></datastreamProfile>